54.14001, 104.09
54.14001, 104.09
54.14, 104.09
54.14, 104.09
54.14001, 104.09
54.14001, 104.09
54.14001, 104.09
54.14001, 104.09
54.14001, 104.09
54.14001, 104.09
54.14001, 104.09
54.14001, 104.09
54.14001, 104.09
54.14001, 104.09
54.14001, 104.09
54.14001, 104.09
54.14001, 104.09
54.14001, 104.09
54.14001, 104.09
54.14001, 104.09
54.14001, 104.09
54.14001, 104.09
54.14001, 104.09
54.14001, 104.09
54.14001, 104.09
54.14001, 104.09
54.14001, 104.09
54.14001, 104.09
54.14001, 104.09
54.14001, 104.09
54.14001, 104.09
54.14001, 104.09
54.14001, 104.09
54.14001, 104.09
54.14, 104.09
54.14, 104.09
54.14, 104.09
54.14, 104.09
54.14, 104.09
54.14, 104.09
54.14, 104.09
54.14, 104.09
54.14, 104.09
54.14, 104.09
54.14, 104.09
54.14, 104.09
54.14, 104.09
54.14, 104.09
54.14, 104.09
54.14, 104.09
54.14, 104.09
54.14, 104.09
54.14, 104.09
54.14, 104.09
54.14, 104.09
54.14, 104.09
54.14, 104.09
54.14, 104.09
54.14, 104.09
54.14, 104.09
54.14, 104.09
54.14, 104.09
54.14, 104.09
54.14, 104.09
54.14, 104.09
54.14, 104.09
54.14, 104.09
54.14, 104.09
54.14, 104.09
54.14, 104.09
54.14, 104.09
54.14, 104.09
54.14, 104.09
54.14, 104.09
54.14001, 104.09
54.14001, 104.09
54.14001, 104.09
54.14001, 104.09
54.14001, 104.09
54.14001, 104.09
54.14001, 104.09
54.14001, 104.09
54.14001, 104.09
54.14001, 104.09
54.14001, 104.09
54.14001, 104.09
54.14001, 104.09
54.14001, 104.09
54.14001, 104.09
54.14001, 104.09
54.14001, 104.09
54.14001, 104.09
54.14001, 104.09
54.14001, 104.09
54.14001, 104.09
54.14001, 104.09
54.14001, 104.09
54.14001, 104.09
54.14001, 104.09
54.14001, 104.09
54.14001, 104.09
54.14001, 104.09
54.14001, 104.09
54.14001, 104.09
54.14001, 104.09
54.14001, 104.09
54.14001, 104.09
54.14001, 104.09
54.14001, 104.09
54.14001, 104.09
54.14001, 104.09
54.14001, 104.09
54.14001, 104.09
54.14001, 104.09
54.14001, 104.09
54.14001, 104.09
54.14001, 104.09
54.14001, 104.09
54.14001, 104.09
54.14001, 104.09
54.14001, 104.09
54.14001, 104.09
54.14001, 104.09
54.14001, 104.09
54.14001, 104.09
54.14001, 104.09
54.14001, 104.09
54.14001, 104.09
54.14001, 104.09
54.14001, 104.09
54.14001, 104.09
54.14001, 104.09
54.14001, 104.09
54.14001, 104.09
54.14001, 104.09
54.14001, 104.09
54.14001, 104.09
54.14001, 104.09
54.14001, 104.09
54.14001, 104.09
54.14001, 104.09
54.14001, 104.09
54.14001, 104.09
54.14001, 104.09
54.14001, 104.09
54.14001, 104.09
54.14001, 104.09
54.14001, 104.09
54.14001, 104.09
54.14001, 104.09
54.14001, 104.09
54.14001, 104.09
54.14001, 104.09
54.14001, 104.09
54.14001, 104.09
54.14001, 104.09
54.14001, 104.09
54.14001, 104.09
54.14001, 104.09
54.14001, 104.09
54.14001, 104.09
54.14001, 104.09
54.14001, 104.09
54.14001, 104.09
54.14001, 104.09
54.14001, 104.09
54.14001, 104.09
54.14001, 104.09
54.14001, 104.09
54.14001, 104.09
54.14001, 104.09
54.14001, 104.09
54.14001, 104.09
54.14001, 104.09
54.14001, 104.09
54.14001, 104.09
54.14001, 104.09
54.14001, 104.09
54.14001, 104.09
54.14001, 104.09
54.14001, 104.09
54.14001, 104.09
54.14001, 104.09
54.14001, 104.09
54.14001, 104.09
54.14001, 104.09
54.14001, 104.09
54.14001, 104.09
54.14001, 104.09
54.14001, 104.09
54.14001, 104.09
54.14001, 104.09
54.14001, 104.09
54.14001, 104.09
54.14001, 104.09
54.14001, 104.09
54.14001, 104.09
54.14001, 104.09
54.14001, 104.09
54.14001, 104.09
54.14001, 104.09
54.14001, 104.09
54.14001, 104.09
54.14001, 104.09
54.14001, 104.09
54.14001, 104.09
54.14001, 104.09
54.14001, 104.09
54.14001, 104.09
54.14001, 104.09
54.14001, 104.09
54.14001, 104.09
54.14001, 104.09
54.14001, 104.09
54.14001, 104.09
54.14001, 104.09
54.14001, 104.09
54.14001, 104.09
54.14001, 104.09
54.14001, 104.09
54.14001, 104.09
54.14001, 104.09
54.14001, 104.09
54.14001, 104.09
54.14001, 104.09
54.14001, 104.09
54.14001, 104.09
54.14001, 104.09
54.14001, 104.09
54.14001, 104.09
54.14001, 104.09
54.14001, 104.09
54.14001, 104.09
54.14001, 104.09
54.14001, 104.09
54.14001, 104.09
54.14001, 104.09
54.14001, 104.09
54.14001, 104.09
54.14001, 104.09
54.14001, 104.09
54.14001, 104.09
54.14001, 104.09
54.14001, 104.09
54.14001, 104.09
54.14001, 104.09
54.14001, 104.09
54.14001, 104.09
54.14001, 104.09
54.14001, 104.09
54.14001, 104.09
54.14001, 104.09
54.14001, 104.09
54.14001, 104.09
54.14001, 104.09
54.14001, 104.09
54.14001, 104.09
54.14001, 104.09
54.14001, 104.09
54.14001, 104.09
54.14001, 104.09
54.14001, 104.09
54.14001, 104.09
54.14001, 104.09
54.14001, 104.09
54.14001, 104.09
54.14001, 104.09
54.14001, 104.09
54.14001, 104.09
54.14001, 104.09
54.14001, 104.09
54.14001, 104.09
54.14001, 104.09
54.14001, 104.09
54.14001, 104.09
54.14001, 104.09
54.14001, 104.09
54.14001, 104.09
54.14001, 104.09
54.14001, 104.09
54.14001, 104.09
54.14001, 104.09
54.14001, 104.09
54.14001, 104.09
54.14001, 104.09
54.14001, 104.09
54.14001, 104.09
54.14001, 104.09
54.14001, 104.09
54.14001, 104.09
54.14001, 104.09
54.14001, 104.09
54.14001, 104.09
54.14001, 104.09
54.14001, 104.09
54.14001, 104.09
54.14001, 104.09
54.14001, 104.09
54.14001, 104.09
54.14001, 104.09
54.14001, 104.09
54.14001, 104.09
54.14001, 104.09
54.14001, 104.09
54.14001, 104.09
54.14001, 104.09
54.14001, 104.09
54.14001, 104.09
54.14001, 104.09
54.14001, 104.09
54.14001, 104.09
54.14001, 104.09
54.14001, 104.09
54.14001, 104.09
54.14001, 104.09
54.14001, 104.09
54.14001, 104.09
54.14001, 104.09
54.14001, 104.09
54.14001, 104.09
54.14001, 104.09
54.14001, 104.09
54.14001, 104.09
54.14001, 104.09
54.14001, 104.09
54.14001, 104.09
54.14001, 104.09
54.14001, 104.09
54.14001, 104.09
54.14001, 104.09
54.14001, 104.09
54.14001, 104.09
54.14001, 104.09
54.14001, 104.09
54.14001, 104.09
54.14001, 104.09
54.14001, 104.09
54.14001, 104.09
54.14001, 104.09
54.14001, 104.09
54.14001, 104.09
54.14001, 104.09
54.14001, 104.09
54.14001, 104.09
54.14001, 104.09
54.14001, 104.09
54.14001, 104.09
54.14001, 104.09
54.14001, 104.09
54.14001, 104.09
54.14001, 104.09
54.14001, 104.09
54.14001, 104.09
54.14001, 104.09
54.14001, 104.09
54.14001, 104.09
54.14001, 104.09
54.14001, 104.09
54.14001, 104.09
54.14001, 104.09
54.14001, 104.09
54.14001, 104.09
54.14001, 104.09
54.14001, 104.09
54.14001, 104.09
54.14001, 104.09
54.14001, 104.09
54.14001, 104.09
54.14001, 104.09
54.14001, 104.09
54.14001, 104.09
54.14001, 104.09
54.14001, 104.09
54.14001, 104.09
54.14001, 104.09
54.14001, 104.09
54.14001, 104.09
54.14001, 104.09
54.14001, 104.09
54.14001, 104.09
54.14001, 104.09
54.14001, 104.09
54.14001, 104.09
54.14001, 104.09
54.14001, 104.09
54.14001, 104.09
54.14001, 104.09
54.14001, 104.09
54.14001, 104.09
54.14001, 104.09
54.14001, 104.09
54.14001, 104.09
54.14001, 104.09
54.14001, 104.09
54.14001, 104.09
54.14001, 104.09
54.14001, 104.09
54.14001, 104.09
54.14001, 104.09
54.14001, 104.09
54.14001, 104.09
54.14001, 104.09
54.14001, 104.09
54.14001, 104.09
54.14001, 104.09
54.14001, 104.09
54.14001, 104.09
54.14001, 104.09
54.14001, 104.09
54.14001, 104.09
54.14001, 104.09
54.14001, 104.09
54.14001, 104.09
54.14001, 104.09
54.14001, 104.09
54.14001, 104.09
54.14001, 104.09
54.14001, 104.09
54.14001, 104.09
54.14001, 104.09
54.14001, 104.09
54.14001, 104.09
54.14001, 104.09
54.14001, 104.09
54.14001, 104.09
54.14001, 104.09
54.14001, 104.09
54.14001, 104.09
54.14001, 104.09
54.14001, 104.09
54.14001, 104.09
54.14001, 104.09
54.14001, 104.09
54.14001, 104.09
